mode,n_total_pairs,n_positive_pairs,auc_pr,f1_max,best_threshold,n_queries,mAP,recall_at_1,recall_at_5,recall_at_10,whiten,whiten_dim,tta,seq_len
fused,1999000,36109,0.5347910873367083,0.7370145675586489,0.9136201739311218,1974,0.7356198252591077,0.6874366767983789,0.8166160081053698,0.8525835866261399,False,0,True,1
lidar_only,1999000,36109,0.38770997561642884,0.6295675957175023,0.981955885887146,1974,0.6302942030310863,0.6261398176291794,0.7608915906788247,0.7912867274569402,False,0,True,1
camera_only,1999000,36109,0.5311752448482223,0.7298090206028256,0.9360246658325195,1974,0.7308489296966532,0.6641337386018237,0.8196555217831814,0.8551165146909828,False,0,True,1
