mode,n_total_pairs,n_positive_pairs,auc_pr,f1_max,best_threshold,n_queries,mAP,recall_at_1,recall_at_5,recall_at_10,whiten,whiten_dim,tta,seq_len
fused,1999000,36109,0.5367413745055051,0.7351457776147412,0.911127507686615,1974,0.7322607409612869,0.6727456940222898,0.8181357649442755,0.8449848024316109,False,0,False,1
lidar_only,1999000,36109,0.3877100160329821,0.6295744424902269,0.981955885887146,1974,0.6303034196045153,0.6261398176291794,0.7608915906788247,0.7912867274569402,False,0,False,1
camera_only,1999000,36109,0.5316419522486264,0.7273801292952694,0.934126615524292,1974,0.7252377594133278,0.6575481256332321,0.8120567375886525,0.8475177304964538,False,0,False,1
